away,home,start_dt,away_score,home_score,over_under,game_id,year,minute,total,over_hit,under_hit,push,city,humidity_0,humidity_1,humidity_2,humidity_3,humidity_4,temperature_0,temperature_1,temperature_2,temperature_3,temperature_4,weather_0,weather_1,weather_2,weather_3,weather_4,wind_dir_0,wind_dir_1,wind_dir_2,wind_dir_3,wind_dir_4,wind_spd_0,wind_spd_1,wind_spd_2,wind_spd_3,wind_spd_4
Cincinnati Reds,Chicago Cubs,2013-03-27T01:05:00Z,11,1,10,18,2013,5,12,TRUE,FALSE,FALSE,Chicago,71,64,64,73,70,273.87,273.8,273.95,273.9,273.82,broken clouds,heavy snow,heavy snow,overcast clouds,overcast clouds,350,330,310,355,360,5,6,5,3,2
Baltimore Orioles,Boston Red Sox,2013-04-08T17:05:00Z,1,3,9,101,2013,5,4,FALSE,TRUE,FALSE,Boston,36,42,49,46,50,284.19,284.63,285.07,284.86,284.71,broken clouds,broken clouds,broken clouds,broken clouds,few clouds,209,199,190,149,210,5,9,13,5,7
Milwaukee Brewers,Chicago Cubs,2013-04-08T17:20:00Z,7,4,9.5,102,2013,20,11,TRUE,FALSE,FALSE,Chicago,54,49,44,60,57,285.72,286.305,286.89,286.31,283.37,few clouds,scattered clouds,scattered clouds,scattered clouds,overcast clouds,290,265,240,81,80,4,3,3,2,6
Milwaukee Brewers,Chicago Cubs,2013-04-09T23:05:00Z,3,6,7.5,114,2013,5,9,TRUE,FALSE,FALSE,Chicago,62,68,80,75,81,290.95,289.9,283.78,280.43,279.68,sky is clear,broken clouds,broken clouds,overcast clouds,few clouds,8,65,360,70,100,1,0,2,4,4
Baltimore Orioles,Boston Red Sox,2013-04-10T22:10:00Z,8,5,9,128,2013,10,13,TRUE,FALSE,FALSE,Boston,69,82,62,81,80,291.31,289.61,286.29,284.33,282.63,sky is clear,sky is clear,sky is clear,overcast clouds,overcast clouds,200,200,20,304,103,7,4,3,0,2
Baltimore Orioles,Boston Red Sox,2013-04-11T22:10:00Z,3,2,9,134,2013,10,5,FALSE,TRUE,FALSE,Boston,58,62,71,91,87,286.24,284.92,283.29,282.94,282.51,overcast clouds,light rain,mist,overcast clouds,broken clouds,30,110,110,97,160,3,3,2,0,1
Tampa Bay Rays,Boston Red Sox,2013-04-13T16:05:00Z,1,2,8,146,2013,5,3,FALSE,TRUE,FALSE,Boston,NA,NA,93,86,93,276.89,276.49,276.06,276.06,276.15,mist,mist,mist,mist,mist,110,90,80,100,90,4,3,3,5,6
Tampa Bay Rays,Boston Red Sox,2013-04-14T16:35:00Z,0,5,8.5,153,2013,35,5,FALSE,TRUE,FALSE,Boston,65,53,61,47,54,281.63,283.13,283.66,283.47,282.83,overcast clouds,sky is clear,few clouds,sky is clear,sky is clear,300,268,276,60,110,5,1,2,3,5
Tampa Bay Rays,Boston Red Sox,2013-04-15T14:05:00Z,2,3,8.5,160,2013,5,5,FALSE,TRUE,FALSE,Boston,56,49,53,46,35,282.65,282.2,282.75,283.33,283.73,sky is clear,scattered clouds,scattered clouds,scattered clouds,broken clouds,294,237,225,248,230,1,6,6,2,2
Kansas City Royals,Boston Red Sox,2013-04-20T16:10:00Z,3,4,8,194,2013,10,7,FALSE,TRUE,FALSE,Boston,88,74,78,73,78,294.85,295.39,295.85,295.79,294.78,overcast clouds,overcast clouds,overcast clouds,overcast clouds,overcast clouds,210,210,210,210,200,9,13,14,13,11
Kansas City Royals,Boston Red Sox,2013-04-21T16:35:00Z,4,2,8,207,2013,35,6,FALSE,TRUE,FALSE,Boston,71,54,54,47,54,285.84,286.72,286.78,286.85,286.72,broken clouds,sky is clear,sky is clear,scattered clouds,sky is clear,10,20,20,40,50,7,5,5,5,4
Kansas City Royals,Boston Red Sox,2013-04-21T22:10:00Z,5,4,8,216,2013,10,9,TRUE,FALSE,FALSE,Boston,58,62,66,66,66,286.5,285.89,284.6,283.49,282.61,sky is clear,sky is clear,sky is clear,sky is clear,sky is clear,30,40,60,50,60,4,2,3,3,2
Oakland Athletics,Boston Red Sox,2013-04-24T19:05:00Z,5,6,8,223,2013,5,11,TRUE,FALSE,FALSE,Boston,100,100,100,100,100,278.58,278.58,278.54,278.45,278.42,light rain,mist,mist,light rain,light rain,40,40,20,20,30,4,4,5,4,4
Houston Astros,Boston Red Sox,2013-04-25T21:30:00Z,2,7,9,230,2013,30,9,FALSE,FALSE,TRUE,Boston,77,77,82,82,82,293.69,291.71,289.4,287.61,286.19,sky is clear,sky is clear,sky is clear,sky is clear,sky is clear,190,200,200,200,210,6,7,8,8,8
Houston Astros,Boston Red Sox,2013-04-26T22:10:00Z,3,7,8.5,240,2013,10,10,TRUE,FALSE,FALSE,Boston,58,62,71,66,66,290,288.61,286.32,284.33,282.28,broken clouds,sky is clear,sky is clear,sky is clear,sky is clear,60,50,70,50,50,3,4,3,2,1
Houston Astros,Boston Red Sox,2013-04-28T16:35:00Z,1,6,9.5,249,2013,35,7,FALSE,TRUE,FALSE,Boston,42,34,36,36,36,289.16,289.51,289.76,289.78,289.49,sky is clear,sky is clear,sky is clear,sky is clear,sky is clear,50,30,50,50,60,4,4,4,4,5
San Diego Padres,Chicago Cubs,2013-04-29T23:05:00Z,3,5,9,260,2013,5,8,FALSE,TRUE,FALSE,Chicago,82,74,78,93,84,288.91,287.99,286.96,285.68,285.02,fog,sky is clear,sky is clear,fog,sky is clear,10,108,0,0,0,2,2,0,0,0
San Diego Padres,Chicago Cubs,2013-04-30T23:05:00Z,13,7,10.5,271,2013,5,20,TRUE,FALSE,FALSE,Chicago,55,58,65,69,59,295.9,295.06,294.31,293.41,292.23,broken clouds,overcast clouds,overcast clouds,overcast clouds,broken clouds,182,188,170,175,170,5,5,5,5,7
San Diego Padres,Chicago Cubs,2013-05-02T17:20:00Z,4,2,7.5,277,2013,20,6,FALSE,TRUE,FALSE,Chicago,41,39,38,39,36,300.08,300.88,301.03,301.36,301.46,scattered clouds,few clouds,few clouds,few clouds,few clouds,175,154,197,210,182,3,3,6,5,3
Minnesota Twins,Boston Red Sox,2013-05-08T22:10:00Z,15,8,9.5,301,2013,10,23,TRUE,FALSE,FALSE,Boston,68,82,82,77,87,295.48,294.18,293.11,291.59,290.53,overcast clouds,light intensity drizzle,light rain,scattered clouds,sky is clear,200,220,0,190,170,7,6,0,3,2
Minnesota Twins,Boston Red Sox,2013-05-09T22:10:00Z,5,3,9.5,307,2013,10,8,FALSE,TRUE,FALSE,Boston,60,64,72,77,77,291.37,290.77,289.91,289.56,289.01,sky is clear,mist,light rain,broken clouds,scattered clouds,180,210,210,190,190,7,6,5,5,5
Toronto Blue Jays,Boston Red Sox,2013-05-10T22:10:00Z,0,5,9.5,316,2013,10,5,FALSE,TRUE,FALSE,Boston,93,93,93,100,100,288.98,288.1,287.7,287.34,287.17,mist,mist,light rain,overcast clouds,overcast clouds,30,30,10,20,0,3,1,1,2,0
Toronto Blue Jays,Boston Red Sox,2013-05-11T16:35:00Z,3,2,9.5,325,2013,35,5,FALSE,TRUE,FALSE,Boston,61,57,57,54,61,297.09,298.08,298.32,297.72,297.21,sky is clear,broken clouds,sky is clear,sky is clear,sky is clear,170,180,190,180,180,4,6,7,7,7
Toronto Blue Jays,Boston Red Sox,2013-05-12T16:35:00Z,12,4,9.5,341,2013,35,16,TRUE,FALSE,FALSE,Boston,68,73,83,72,72,294.3,293.39,292.14,291.64,291.54,overcast clouds,overcast clouds,light rain,broken clouds,overcast clouds,200,180,210,200,200,7,5,8,9,8
Colorado Rockies,Chicago Cubs,2013-05-13T23:05:00Z,1,9,8,355,2013,5,10,TRUE,FALSE,FALSE,Chicago,NA,NA,NA,NA,NA,283.47,281.97,280.87,280.03,279.39,scattered clouds,overcast clouds,overcast clouds,overcast clouds,broken clouds,158,105,96,172,172,3,2,0,1,0
New York Mets,Chicago Cubs,2013-05-18T16:05:00Z,2,8,8.5,374,2013,5,10,TRUE,FALSE,FALSE,Chicago,NA,NA,NA,NA,NA,292.56,291.78,291.07,289.94,290.16,overcast clouds,overcast clouds,overcast clouds,overcast clouds,overcast clouds,112,22,17,13,66,0,1,0,2,2
Texas Rangers,Boston Red Sox,2013-06-05T22:10:00Z,3,2,9,417,2013,10,5,FALSE,TRUE,FALSE,Boston,40,39,44,53,46,294.37,293.75,292.13,289.83,288.26,sky is clear,sky is clear,sky is clear,sky is clear,sky is clear,76,306,306,306,317,2,4,4,4,3
Los Angeles Angels,Boston Red Sox,2013-06-08T16:05:00Z,9,5,10.5,421,2013,5,14,TRUE,FALSE,FALSE,Boston,94,94,95,94,95,287.16,287.51,287.41,287.2,286.78,mist,mist,mist,mist,mist,50,61,75,56,128,2,2,4,3,0
Pittsburgh Pirates,Chicago Cubs,2013-06-08T19:05:00Z,6,2,7,425,2013,5,8,TRUE,FALSE,FALSE,Chicago,63,60,59,44,54,291.51,292.27,292.45,292.3,291.6,sky is clear,sky is clear,sky is clear,sky is clear,sky is clear,16,20,23,225,355,4,2,4,4,1
Los Angeles Angels,Boston Red Sox,2013-06-08T22:15:00Z,2,7,8.5,428,2013,15,9,TRUE,FALSE,FALSE,Boston,96,94,95,97,97,286,285.76,285.5,285.35,285.3,mist,mist,mist,mist,mist,163,37,105,90,76,2,2,3,5,3
Tampa Bay Rays,Boston Red Sox,2013-06-18T16:05:00Z,1,5,10,452,2013,5,6,FALSE,TRUE,FALSE,Boston,52,48,44,37,47,300.82,301.99,302.08,302.35,299.35,sky is clear,few clouds,few clouds,few clouds,proximity thunderstorm,231,274,212,212,348,2,0,3,3,0
Tampa Bay Rays,Boston Red Sox,2013-06-18T23:05:00Z,1,3,10,460,2013,5,4,FALSE,TRUE,FALSE,Boston,95,96,96,96,97,290.38,290.29,289.48,289.28,288.95,mist,mist,sky is clear,light rain,mist,226,226,226,227,227,4,4,4,4,4
Houston Astros,Chicago Cubs,2013-06-21T17:20:00Z,1,3,10,466,2013,20,4,FALSE,TRUE,FALSE,Chicago,57,55,54,52,51,297.200666667,298.669,299.028,300.219,301.41,sky is clear,sky is clear,sky is clear,sky is clear,sky is clear,164,159,157,153,149,4,2,3,2,1
Houston Astros,Chicago Cubs,2013-06-22T19:05:00Z,4,3,9.5,481,2013,5,7,FALSE,TRUE,FALSE,Chicago,77,86,75,87,79,295.751666667,294.090333333,296.3792,294.0595,295.69,moderate rain,moderate rain,light rain,moderate rain,sky is clear,172,113,148,73,93,1,1,1,0,1
Colorado Rockies,Boston Red Sox,2013-06-25T22:10:00Z,4,11,10.5,493,2013,10,15,TRUE,FALSE,FALSE,Boston,62,66,71,84,80,302.87,302.22,298.08,296.64,295.05,sky is clear,thunderstorm,mist,mist,mist,279,269,269,269,251,3,2,2,2,2
Colorado Rockies,Boston Red Sox,2013-06-26T19:05:00Z,3,5,9.5,506,2013,5,8,FALSE,TRUE,FALSE,Boston,46,49,33,55,59,305.26,304.88,304.53,303.51,302.32,sky is clear,sky is clear,sky is clear,sky is clear,broken clouds,190,207,273,217,216,0,0,3,1,0
Toronto Blue Jays,Boston Red Sox,2013-06-28T22:10:00Z,5,7,10,518,2013,10,12,TRUE,FALSE,FALSE,Boston,92,97,96,88,95,291.71,291.48,291.18,290.99,290.94,mist,mist,mist,mist,mist,33,92,92,92,48,2,3,3,3,1
Milwaukee Brewers,Chicago Cubs,2013-07-29T23:05:00Z,5,0,7.25,606,2013,5,5,FALSE,TRUE,FALSE,Chicago,50,51,57,65,67,292.92,292.92,291.36,289.27,288.78,sky is clear,sky is clear,sky is clear,sky is clear,sky is clear,292,224,255,235,252,2,2,2,0,1
Seattle Mariners,Boston Red Sox,2013-08-01T22:10:00Z,7,8,8.5,614,2013,10,15,TRUE,FALSE,FALSE,Boston,61,69,73,92,85,297.19,298.15,297.15,291.778,292.01,sky is clear,sky is clear,sky is clear,light rain,broken clouds,160,130,130,208,213,2,2,2,3,2
Arizona Diamondbacks,Boston Red Sox,2013-08-02T22:10:00Z,7,6,9,619,2013,10,13,TRUE,FALSE,FALSE,Boston,68,77,74,75,80,296,294.48,294.06,293.83,293.17,overcast clouds,light rain,light rain,light rain,light rain,204,182,182,182,159,4,3,3,3,3
New York Yankees,Boston Red Sox,2013-08-16T22:10:00Z,10,3,9,676,2013,10,13,TRUE,FALSE,FALSE,Boston,69,73,73,78,78,296.15,295.15,295.15,295.15,295.15,scattered clouds,overcast clouds,overcast clouds,overcast clouds,overcast clouds,60,50,70,80,80,5,6,6,6,5
Baltimore Orioles,Boston Red Sox,2013-08-29T22:10:00Z,3,2,8.5,725,2013,10,5,FALSE,TRUE,FALSE,Boston,74,80,87,91,94,296.81,294.565,292.32,293.16,291.2,light rain,light rain,mist,broken clouds,mist,98,102,107,107,140,1,1,2,2,1
Chicago White Sox,Boston Red Sox,2013-08-31T22:10:00Z,2,7,9,732,2013,10,9,FALSE,FALSE,TRUE,Boston,68,70,72,73,75,298.11,297.65,297.2665,296.781,296.372,few clouds,scattered clouds,few clouds,few clouds,few clouds,201,203,201,204,203,5,5,5,5,4
Chicago White Sox,Boston Red Sox,2013-09-01T16:35:00Z,6,7,9.5,743,2013,35,13,TRUE,FALSE,FALSE,Boston,88,86,94,95,94,295.916,295.802,294.741333333,294.390666667,294.334,moderate rain,moderate rain,moderate rain,moderate rain,moderate rain,216,133,174,122,188,1,1,0,0,0
Philadelphia Phillies,Chicago Cubs,2013-09-01T17:20:00Z,1,7,9,745,2013,20,8,FALSE,TRUE,FALSE,Chicago,88,89,84,83,92,297.066,296.777,297.841333333,297.890666667,296.159,scattered clouds,broken clouds,scattered clouds,scattered clouds,light rain,301,318,326,341,309,2,1,1,0,2
Detroit Tigers,Boston Red Sox,2013-09-02T16:35:00Z,3,0,9,755,2013,35,3,FALSE,TRUE,FALSE,Boston,75,80,96,73,71,298.48,297.2,297.76,298.74,297.96,moderate rain,thunderstorm with rain,light intensity drizzle,light rain,light rain,158,139,211,149,152,4,1,3,2,1
Miami Marlins,Chicago Cubs,2013-09-02T17:20:00Z,4,3,7,757,2013,20,7,FALSE,FALSE,TRUE,Chicago,66,72,59,73,76,297.09,296.4,301.58,295.53,295.02,light rain,sky is clear,few clouds,sky is clear,sky is clear,339,59,213,40,63,5,4,1,4,2
Miami Marlins,Chicago Cubs,2013-09-04T17:20:00Z,7,9,8,763,2013,20,16,TRUE,FALSE,FALSE,Chicago,50,45,47,45,43,299.13,299.58,300.79,301.56,301.43,sky is clear,sky is clear,sky is clear,sky is clear,sky is clear,282,234,256,264,248,0,2,0,1,2
Detroit Tigers,Boston Red Sox,2013-09-04T22:10:00Z,4,20,9.5,768,2013,10,24,TRUE,FALSE,FALSE,Boston,31,34,45,42,52,297.96,296.62,294.36,293.91,292.2,sky is clear,sky is clear,sky is clear,sky is clear,sky is clear,259,316,284,250,250,0,0,0,3,2
Baltimore Orioles,Boston Red Sox,2013-09-19T22:10:00Z,1,3,8.5,798,2013,10,4,FALSE,TRUE,FALSE,Boston,64,71,72,82,82,294.15,292.3115,292.15,290.15,286.07,sky is clear,sky is clear,sky is clear,sky is clear,mist,70,139,70,30,244,2,1,1,1,1
Detroit Tigers,Boston Red Sox,2013-10-13T23:05:00Z,5,6,7,809,2013,5,11,TRUE,FALSE,FALSE,Boston,86,83,100,100,92,285.23,284.5152,283.654333333,282.918666667,280.415,sky is clear,sky is clear,sky is clear,sky is clear,sky is clear,73,76,81,84,87,3,2,2,1,2
St. Louis Cardinals,Boston Red Sox,2013-10-24T23:05:00Z,4,2,7,811,2013,5,6,FALSE,TRUE,FALSE,Boston,71,50,50,74,65,284.5365,285.483333333,285.15,283.5855,284.483333333,scattered clouds,overcast clouds,overcast clouds,scattered clouds,overcast clouds,285,336,350,310,330,4,2,2,4,2
Texas Rangers,Boston Red Sox,2014-04-09T19:05:00Z,2,4,8.5,831,2014,5,6,FALSE,TRUE,FALSE,Boston,51,44,44,44,44,286.66,286.42,285.75,285.16,283.33,sky is clear,sky is clear,sky is clear,overcast clouds,sky is clear,30,30,30,40,70,4,4,3,3,2
Cincinnati Reds,Chicago Cubs,2014-04-18T17:20:00Z,4,1,6.5,871,2014,20,5,FALSE,TRUE,FALSE,Chicago,57,57,61,53,61,283.69,284.37,284.69,284.92,284.08,few clouds,few clouds,few clouds,few clouds,few clouds,50,60,50,80,60,6,5,4,4,5
Baltimore Orioles,Boston Red Sox,2014-04-18T22:10:00Z,8,4,7.5,875,2014,10,12,TRUE,FALSE,FALSE,Boston,81,93,93,93,93,278.68,277.85,277.03,276.67,276.31,overcast clouds,overcast clouds,overcast clouds,overcast clouds,overcast clouds,40,50,40,50,50,7,5,6,5,4
Baltimore Orioles,Boston Red Sox,2014-04-19T16:35:00Z,2,4,9,886,2014,35,6,FALSE,TRUE,FALSE,Boston,31,33,93,81,87,288.38,289.03,289.24,289.38,288.9,few clouds,broken clouds,overcast clouds,overcast clouds,overcast clouds,350,340,40,50,50,5,5,8,7,6
Baltimore Orioles,Boston Red Sox,2014-04-20T22:05:00Z,5,6,8,906,2014,5,11,TRUE,FALSE,FALSE,Boston,93,93,93,87,87,283.42,281.77,280.27,279.31,278.3,overcast clouds,overcast clouds,overcast clouds,overcast clouds,overcast clouds,40,40,30,30,30,10,10,10,11,11
Baltimore Orioles,Boston Red Sox,2014-04-21T14:05:00Z,7,6,8,907,2014,5,13,TRUE,FALSE,FALSE,Boston,100,93,87,81,81,284.65,286.68,288.98,290.41,291.72,overcast clouds,overcast clouds,overcast clouds,overcast clouds,scattered clouds,20,30,10,20,10,7,7,8,6,7
Arizona Diamondbacks,Chicago Cubs,2014-04-21T23:05:00Z,1,5,8.75,913,2014,5,6,FALSE,TRUE,FALSE,Chicago,82,88,93,93,93,291.45,290.42,289.7,289.32,288.81,moderate rain,moderate rain,moderate rain,light rain,overcast clouds,240,240,240,220,250,6,6,4,3,3
New York Yankees,Boston Red Sox,2014-04-22T22:10:00Z,9,3,7.5,923,2014,10,12,TRUE,FALSE,FALSE,Boston,59,63,68,63,67,292.71,290.98,289.72,288.54,286.83,sky is clear,light rain,sky is clear,light rain,light rain,200,200,200,200,210,6,4,4,3,2
Arizona Diamondbacks,Chicago Cubs,2014-04-22T23:05:00Z,2,9,6.75,924,2014,5,11,TRUE,FALSE,FALSE,Chicago,52,56,52,48,56,282.23,280.84,279.31,278.73,278.24,few clouds,few clouds,few clouds,few clouds,few clouds,80,80,70,40,40,4,5,5,4,4
Arizona Diamondbacks,Chicago Cubs,2014-04-23T17:20:00Z,7,5,6.5,930,2014,20,12,TRUE,FALSE,FALSE,Chicago,52,49,43,45,43,281.74,282.56,283.28,283.32,282.77,scattered clouds,scattered clouds,broken clouds,broken clouds,broken clouds,70,30,20,30,60,2,2,5,4,4
New York Yankees,Boston Red Sox,2014-04-23T22:10:00Z,1,5,8.5,940,2014,10,6,FALSE,TRUE,FALSE,Boston,47,50,62,58,62,283.37,282.85,282.68,282.41,281.96,light rain,sky is clear,sky is clear,sky is clear,sky is clear,70,40,160,10,0,4,3,1,5,0
Tampa Bay Rays,Boston Red Sox,2014-04-29T22:10:00Z,4,7,8.5,947,2014,10,11,TRUE,FALSE,FALSE,Boston,82,84,86,87,89,279.595333333,279.356666667,279.179,278.92,278.722,broken clouds,broken clouds,broken clouds,overcast clouds,overcast clouds,75,77,86,86,93,5,5,5,4,4
Tampa Bay Rays,Boston Red Sox,2014-05-01T16:05:00Z,2,1,9,959,2014,5,3,FALSE,TRUE,FALSE,Boston,85,84,84,82,82,286.867,287.582,287.3565,288.385,288.473,heavy intensity rain,heavy intensity rain,heavy intensity rain,heavy intensity rain,heavy intensity rain,181,184,194,195,203,5,5,4,4,4
Tampa Bay Rays,Boston Red Sox,2014-05-01T22:10:00Z,6,5,9,965,2014,10,11,TRUE,FALSE,FALSE,Boston,81,81,84,82,84,288.215333333,287.869666667,286.998,286.827666667,286.131333333,heavy intensity rain,heavy intensity rain,heavy intensity rain,heavy intensity rain,heavy intensity rain,211,211,212,212,212,4,4,3,3,3
Oakland Athletics,Boston Red Sox,2014-05-02T22:10:00Z,1,7,9.5,971,2014,10,8,FALSE,TRUE,FALSE,Boston,60,61,64,64,67,286.58,286.17,285.084,284.899333333,284.038666667,overcast clouds,broken clouds,broken clouds,broken clouds,scattered clouds,260,265,270,275,280,4,4,3,3,3
Oakland Athletics,Boston Red Sox,2014-05-03T16:35:00Z,3,6,9,979,2014,35,9,FALSE,FALSE,TRUE,Boston,62,64,60,60,58,286.636666667,286.1535,287.024333333,286.879666667,286.868,few clouds,scattered clouds,scattered clouds,scattered clouds,scattered clouds,186,194,161,159,187,2,2,2,3,2
Cincinnati Reds,Boston Red Sox,2014-05-06T22:10:00Z,3,4,8.5,992,2014,10,7,FALSE,TRUE,FALSE,Boston,25,25,48,52,56,288.93,288.24,286.49,284.9,283.62,broken clouds,sky is clear,sky is clear,sky is clear,sky is clear,284,327,82,90,336,2,3,1,0,2
Chicago White Sox,Chicago Cubs,2014-05-06T23:05:00Z,5,1,7,995,2014,5,6,FALSE,TRUE,FALSE,Chicago,38,38,61,44,36,288.41,286.87,284.66,284.51,285.44,broken clouds,broken clouds,broken clouds,broken clouds,sky is clear,45,36,121,86,100,3,2,7,1,7
Cincinnati Reds,Boston Red Sox,2014-05-07T22:10:00Z,3,4,8.5,1010,2014,10,7,FALSE,TRUE,FALSE,Boston,30,34,34,44,39,291.95,290.34,288.2,286.39,284.85,scattered clouds,scattered clouds,scattered clouds,scattered clouds,scattered clouds,126,143,180,236,350,2,2,3,0,1
Detroit Tigers,Boston Red Sox,2014-05-18T23:05:00Z,6,2,8.5,1032,2014,5,8,FALSE,TRUE,FALSE,Boston,49,50,56,56,54,290.35,289.09,287.66,287.18,286.8,few clouds,moderate rain,moderate rain,light rain,light rain,88,318,58,112,324,1,2,0,1,3
Toronto Blue Jays,Boston Red Sox,2014-05-22T19:05:00Z,7,2,8.5,1034,2014,5,9,TRUE,FALSE,FALSE,Boston,99,99,90,87,86,286.83,286.86,286.88,287.18,287.17,mist,mist,overcast clouds,overcast clouds,overcast clouds,95,79,188,218,231,1,0,1,0,1
Atlanta Braves,Boston Red Sox,2014-05-28T22:10:00Z,0,4,8,1060,2014,10,4,FALSE,TRUE,FALSE,Boston,74,83,65,65,73,284.11,283.82,284.1,283.1,282.54,scattered clouds,sky is clear,sky is clear,sky is clear,sky is clear,190,200,0,270,0,4,3,0,2,0
New York Mets,Chicago Cubs,2014-06-04T23:05:00Z,4,5,7,1075,2014,5,9,TRUE,FALSE,FALSE,Chicago,95,95,95,95,95,290.46,290.35,289.6,288.62,287.34,broken clouds,broken clouds,broken clouds,mist,sky is clear,22,36,56,329,57,2,2,1,2,1
New York Mets,Chicago Cubs,2014-06-05T22:05:00Z,4,7,7.5,1082,2014,5,11,TRUE,FALSE,FALSE,Chicago,55,25,46,46,50,295.99,295.61,295.57,292.73,290.76,sky is clear,broken clouds,sky is clear,sky is clear,broken clouds,32,80,88,58,51,1,3,0,2,3
Cleveland Indians,Boston Red Sox,2014-06-13T22:10:00Z,3,10,8.5,1087,2014,10,13,TRUE,FALSE,FALSE,Boston,97,99,97,96,94,290.219983051,290.34,289.91,289.764419866,289.14,light rain,mist,mist,light rain,mist,204,322,330,330,330,3,0,1,1,0
Atlanta Braves,Chicago Cubs,2014-07-11T19:05:00Z,4,5,7.5,1096,2014,5,9,TRUE,FALSE,FALSE,Chicago,30,32,30,36,39,300.39,299.9,299.13,298.14,298.14,broken clouds,broken clouds,light rain,light rain,overcast clouds,210,200,190,160,160,2,4,4,5,4
Kansas City Royals,Boston Red Sox,2014-07-18T22:10:00Z,4,5,8,1110,2014,10,9,TRUE,FALSE,FALSE,Boston,47,51,54,64,67,298.42,296.72,295.07,293.37,292.58,sky is clear,sky is clear,sky is clear,sky is clear,sky is clear,139,141,141,172,175,1,2,2,2,1
Kansas City Royals,Boston Red Sox,2014-07-20T16:35:00Z,0,6,7,1122,2014,35,6,FALSE,TRUE,FALSE,Boston,60,57,54,63,67,296.66,297.39,297.42,297.26,296.58,overcast clouds,light rain,overcast clouds,overcast clouds,light rain,87,97,114,59,135,1,2,2,1,2
Toronto Blue Jays,Boston Red Sox,2014-07-28T22:10:00Z,14,1,9,1151,2014,10,15,TRUE,FALSE,FALSE,Boston,81,81,81,82,81,295.707666667,295.192333333,294.8335,294.266,293.855,moderate rain,moderate rain,moderate rain,moderate rain,moderate rain,202,211,215,225,230,5,5,4,5,4
Colorado Rockies,Chicago Cubs,2014-07-28T23:05:00Z,1,4,7.5,1152,2014,5,5,FALSE,TRUE,FALSE,Chicago,84,89,86,89,87,291.592333333,291.0835,291.432666667,291.138333333,291.338,light rain,light rain,light rain,light rain,light rain,0,63,42,84,148,6,4,3,2,3
Toronto Blue Jays,Boston Red Sox,2014-07-29T22:10:00Z,4,2,8.5,1159,2014,10,6,FALSE,TRUE,FALSE,Boston,73,74,79,79,83,294.166666667,293.751333333,292.841,292.590666667,291.845333333,scattered clouds,broken clouds,few clouds,broken clouds,scattered clouds,176,163,245,202,252,1,2,0,2,1
Colorado Rockies,Chicago Cubs,2014-07-29T23:05:00Z,3,4,8,1160,2014,5,7,FALSE,TRUE,FALSE,Chicago,71,75,73,76,78,295.701333333,294.691,295.074,294.412,293.9985,few clouds,scattered clouds,few clouds,scattered clouds,sky is clear,283,305,292,306,295,3,2,2,2,2
Toronto Blue Jays,Boston Red Sox,2014-07-30T22:10:00Z,6,1,8.5,1169,2014,10,7,FALSE,TRUE,FALSE,Boston,56,56,68,82,93,297.12,296.12,293.96,292.19,291.05,broken clouds,scattered clouds,sky is clear,sky is clear,sky is clear,210,200,290,213,213,2,1,1,1,1
Colorado Rockies,Chicago Cubs,2014-07-31T17:20:00Z,1,3,8.5,1174,2014,20,4,FALSE,TRUE,FALSE,Chicago,45,42,39,39,39,299.74,300.31,300.91,301.09,301.04,light rain,scattered clouds,scattered clouds,scattered clouds,few clouds,270,290,0,280,260,5,6,3,4,7
New York Yankees,Boston Red Sox,2014-08-01T22:10:00Z,3,4,9,1185,2014,10,7,FALSE,TRUE,FALSE,Boston,71,71,78,78,78,296.76,296.57,295.85,293.882,293.882,mist,broken clouds,broken clouds,broken clouds,broken clouds,178,194,194,195,195,4,2,2,3,3
New York Yankees,Boston Red Sox,2014-08-02T19:05:00Z,6,4,8.5,1193,2014,5,10,TRUE,FALSE,FALSE,Boston,78,79,82,83,85,293.017,292.614,292.1175,291.745666667,291.280333333,broken clouds,broken clouds,broken clouds,scattered clouds,scattered clouds,152,146,148,139,138,4,4,3,3,2
Houston Astros,Boston Red Sox,2014-08-14T22:10:00Z,4,9,9,1234,2014,10,13,TRUE,FALSE,FALSE,Boston,77,78,82,81,85,293.914,293.534,292.2345,292.161,291.168,sky is clear,sky is clear,sky is clear,sky is clear,sky is clear,264,267,268,272,274,3,3,3,3,2
Houston Astros,Boston Red Sox,2014-08-17T16:35:00Z,8,1,8.5,1240,2014,35,9,TRUE,FALSE,FALSE,Boston,71,78,72,76,72,295.131666667,294.086,295.275,294.788,294.4865,few clouds,light rain,light rain,light rain,light rain,219,253,250,274,269,2,2,2,3,3
Los Angeles Angels,Boston Red Sox,2014-08-18T22:10:00Z,4,2,9.5,1250,2014,10,6,FALSE,TRUE,FALSE,Boston,70,72,78,77,82,293.632666667,293.153333333,292.086,291.802666667,290.931333333,sky is clear,sky is clear,sky is clear,sky is clear,sky is clear,298,298,310,305,313,1,1,2,2,2
Toronto Blue Jays,Boston Red Sox,2014-09-06T22:10:00Z,3,4,9,1310,2014,10,7,FALSE,TRUE,FALSE,Boston,70,82,73,92,90,299.218,296.825,298.05,294.451,294.47,moderate rain,moderate rain,light rain,light rain,light rain,248,277,254,301,295,5,4,4,3,3
Cincinnati Reds,Chicago Cubs,2014-09-15T23:05:00Z,0,1,7,1342,2014,5,1,FALSE,TRUE,FALSE,Chicago,100,100,100,100,100,285.760333333,286.4285,286.217333333,286.665666667,286.103,moderate rain,moderate rain,moderate rain,moderate rain,moderate rain,209,94,149,76,280,1,2,2,3,2
St. Louis Cardinals,Chicago Cubs,2015-04-05T23:05:00Z,3,0,7,1368,2015,5,3,FALSE,TRUE,FALSE,Chicago,52,52,52,51,54,284.366333333,283.237,283.449,282.655,282.8135,sky is clear,sky is clear,sky is clear,sky is clear,sky is clear,220,204,210,199,208,3,3,3,3,4
St. Louis Cardinals,Chicago Cubs,2015-04-08T17:20:00Z,0,2,6.5,1370,2015,20,2,FALSE,TRUE,FALSE,Chicago,93,93,93,94,93,279.279,278.562,279.117,278.718,278.7695,moderate rain,moderate rain,moderate rain,moderate rain,moderate rain,21,38,8,13,11,2,4,3,4,3
Washington Nationals,Boston Red Sox,2015-04-14T21:10:00Z,7,8,8,1390,2015,10,15,TRUE,FALSE,FALSE,Boston,55,52,54,56,58,285.0795,285.954333333,285.050666667,284.773,283.660666667,light rain,light rain,light rain,light rain,light rain,260,268,267,257,260,2,2,2,2,2
Cincinnati Reds,Chicago Cubs,2015-04-14T23:05:00Z,3,2,7,1396,2015,5,5,FALSE,TRUE,FALSE,Chicago,65,63,67,67,70,280.734,280.823,279.810666667,279.624333333,279.0035,overcast clouds,broken clouds,broken clouds,broken clouds,broken clouds,12,41,30,49,39,2,1,2,2,2
San Diego Padres,Chicago Cubs,2015-04-18T17:20:00Z,6,7,7,1405,2015,20,13,TRUE,FALSE,FALSE,Chicago,67,68,66,65,67,282.859333333,282.756,283.331333333,283.397666667,282.6495,few clouds,scattered clouds,few clouds,scattered clouds,scattered clouds,16,13,10,7,184,4,4,4,4,3
Baltimore Orioles,Boston Red Sox,2015-04-18T19:05:00Z,4,1,8.5,1406,2015,5,5,FALSE,TRUE,FALSE,Boston,71,71,73,71,73,284.948,284.831,283.7995,283.987333333,283.260666667,light rain,light rain,light rain,light rain,light rain,199,273,68,236,124,2,2,4,3,4
Baltimore Orioles,Boston Red Sox,2015-04-19T16:35:00Z,8,3,8,1417,2015,35,11,TRUE,FALSE,FALSE,Boston,71,72,70,70,74,282.145333333,281.851,282.323333333,282.220666667,281.106,sky is clear,sky is clear,sky is clear,sky is clear,sky is clear,63,79,102,119,118,2,3,2,3,3
San Diego Padres,Chicago Cubs,2015-04-19T17:20:00Z,5,2,7,1420,2015,20,7,FALSE,FALSE,TRUE,Chicago,61,66,62,65,72,284.812,284.226,285.173333333,284.970666667,284.081,broken clouds,light rain,light rain,light rain,moderate rain,109,107,104,102,75,4,3,3,3,3
Toronto Blue Jays,Boston Red Sox,2015-04-27T21:10:00Z,5,6,9.5,1453,2015,10,11,TRUE,FALSE,FALSE,Boston,76,75,79,75,81,282.436,282.605333333,282.033666667,282.6215,281.663333333,light rain,light rain,light rain,overcast clouds,overcast clouds,321,349,345,177,227,3,4,4,5,4
Pittsburgh Pirates,Chicago Cubs,2015-04-27T23:05:00Z,0,4,7,1457,2015,5,4,FALSE,TRUE,FALSE,Chicago,81,85,84,87,88,278.950333333,278.0965,277.996666667,277.331333333,277.215,sky is clear,sky is clear,sky is clear,sky is clear,sky is clear,8,17,16,23,178,6,4,4,3,4
Toronto Blue Jays,Boston Red Sox,2015-04-28T21:10:00Z,11,8,8.5,1464,2015,10,19,TRUE,FALSE,FALSE,Boston,65,65,64,64,64,283.737666667,283.795555556,283.853444444,283.911333333,283.969222222,light rain,light rain,light rain,light rain,light rain,330,329,327,325,323,3,4,4,4,5
Toronto Blue Jays,Boston Red Sox,2015-04-29T21:10:00Z,1,4,8.5,1479,2015,10,5,FALSE,TRUE,FALSE,Boston,86,85,86,84,85,281.5985,281.831666667,281.609333333,281.3895,281.166333333,light rain,light rain,light rain,broken clouds,broken clouds,121,143,155,147,166,2,1,1,1,2
New York Yankees,Boston Red Sox,2015-05-02T16:35:00Z,4,2,8.5,1485,2015,35,6,FALSE,TRUE,FALSE,Boston,79,79,76,76,79,283.368,283.2045,283.692333333,283.691666667,282.6505,sky is clear,sky is clear,sky is clear,sky is clear,sky is clear,127,128,137,140,141,2,2,3,3,3
Milwaukee Brewers,Chicago Cubs,2015-05-02T17:20:00Z,6,1,8,1488,2015,20,7,FALSE,TRUE,FALSE,Chicago,62,59,58,55,55,285.751333333,286.0045,286.642333333,286.991666667,286.8505,sky is clear,sky is clear,sky is clear,sky is clear,sky is clear,193,192,193,192,196,1,1,1,1,1
Tampa Bay Rays,Boston Red Sox,2015-05-05T22:10:00Z,0,2,8,1499,2015,10,2,FALSE,TRUE,FALSE,Boston,66,69,73,76,80,288.809666667,287.966333333,287.846,286.761666667,286.400333333,scattered clouds,few clouds,scattered clouds,few clouds,few clouds,125,135,141,152,160,2,2,3,3,3
Tampa Bay Rays,Boston Red Sox,2015-05-06T22:10:00Z,5,3,8.5,1513,2015,10,8,FALSE,TRUE,FALSE,Boston,58,59,59,59,60,288.571333333,288.005666667,288.1845,287.370666667,287.301333333,sky is clear,sky is clear,sky is clear,sky is clear,sky is clear,168,173,189,190,202,3,4,4,4,5
New York Mets,Chicago Cubs,2015-05-11T23:05:00Z,3,4,8.5,1532,2015,5,7,FALSE,TRUE,FALSE,Chicago,81,81,80,80,81,284.093,283.336,283.643,283.152,282.613,moderate rain,moderate rain,moderate rain,moderate rain,moderate rain,232,244,238,246,237,6,6,6,6,6
New York Mets,Chicago Cubs,2015-05-12T23:05:00Z,1,6,7,1540,2015,5,7,FALSE,FALSE,TRUE,Chicago,65,70,67,71,73,283.819333333,282.5325,282.834333333,281.944666667,281.5895,sky is clear,sky is clear,sky is clear,sky is clear,sky is clear,296,301,305,310,303,5,4,5,4,4
Pittsburgh Pirates,Chicago Cubs,2015-05-15T17:20:00Z,10,11,9.5,1546,2015,20,21,TRUE,FALSE,FALSE,Chicago,77,75,74,72,71,287.822,288.069,288.510666667,288.806333333,288.81,moderate rain,moderate rain,moderate rain,moderate rain,moderate rain,216,214,227,228,226,3,3,3,3,3
Texas Rangers,Boston Red Sox,2015-05-19T22:10:00Z,3,4,9,1562,2015,10,7,FALSE,TRUE,FALSE,Boston,81,81,83,82,83,290.458666667,290.281333333,289.893,289.786,289.468,moderate rain,moderate rain,moderate rain,moderate rain,moderate rain,194,193,205,199,207,3,3,3,4,4
Oakland Athletics,Boston Red Sox,2015-06-06T19:05:00Z,2,4,8.5,1573,2015,5,6,FALSE,TRUE,FALSE,Boston,67,64,67,62,63,289.981666667,290.092333333,289.132,289.599666667,288.996333333,light rain,light rain,light rain,light rain,light rain,26,24,20,18,14,4,4,3,3,3
Cincinnati Reds,Chicago Cubs,2015-06-12T19:05:00Z,5,4,6.5,1578,2015,5,9,TRUE,FALSE,FALSE,Chicago,79,86,86,96,100,291.512,290.109,288.610881564,287.234588273,284.893,heavy intensity rain,heavy intensity rain,light rain,light rain,light rain,268,302,297,343,353,4,3,4,3,3
Toronto Blue Jays,Boston Red Sox,2015-06-12T22:10:00Z,13,10,9,1584,2015,10,23,TRUE,FALSE,FALSE,Boston,65,69,69,73,73,293.453365321,292.493,292.444149108,292.261,292.261,scattered clouds,scattered clouds,scattered clouds,overcast clouds,overcast clouds,119,114,133,204,204,2,1,1,2,2
Baltimore Orioles,Boston Red Sox,2015-06-24T22:10:00Z,1,5,8.5,1606,2015,10,6,FALSE,TRUE,FALSE,Boston,60,64,64,64,72,294.739007445,293.21,293.21,293.21,290.346,sky is clear,sky is clear,sky is clear,sky is clear,sky is clear,300,306,306,306,297,3,3,3,3,2
Los Angeles Dodgers,Chicago Cubs,2015-06-24T23:05:00Z,5,2,8,1607,2015,5,7,FALSE,TRUE,FALSE,Chicago,66,66,66,72,72,294.81,294.81,294.81,293.296,293.296,scattered clouds,scattered clouds,scattered clouds,light rain,light rain,116,116,116,135,135,2,2,2,3,3
Baltimore Orioles,Boston Red Sox,2015-06-25T16:35:00Z,8,6,8.5,1614,2015,35,14,TRUE,FALSE,FALSE,Boston,74,45,48,58,66,293.486666667,299.05,299.16,298.45,298.17,few clouds,sky is clear,broken clouds,broken clouds,scattered clouds,212,130,170,170,160,0,4,5,6,5
Los Angeles Dodgers,Chicago Cubs,2015-06-25T17:20:00Z,4,0,7,1615,2015,20,4,FALSE,TRUE,FALSE,Chicago,96,88,73,73,73,290.103333333,297.71,296.77,296.26,295.48,very heavy rain,light rain,mist,mist,mist,52,20,40,60,30,5,2,4,5,5
Houston Astros,Boston Red Sox,2015-07-04T16:35:00Z,1,6,8,1671,2015,35,7,FALSE,TRUE,FALSE,Boston,49,53,88,94,88,295.84,295.45,294.85,294.16,293.86,overcast clouds,overcast clouds,heavy intensity rain,mist,light rain,160,250,330,240,240,4,2,3,8,10
Miami Marlins,Chicago Cubs,2015-07-04T22:15:00Z,2,7,7.5,1675,2015,15,9,TRUE,FALSE,FALSE,Chicago,42,44,50,53,64,299.54,298.98,298.05,296.22,295.3,few clouds,few clouds,sky is clear,sky is clear,sky is clear,210,250,100,70,230,4,3,3,3,1
St. Louis Cardinals,Chicago Cubs,2015-07-06T23:05:00Z,6,0,8.5,1684,2015,5,6,FALSE,TRUE,FALSE,Chicago,61,65,57,88,88,300.58,299.28,298.04,296.39,295.98,broken clouds,moderate rain,mist,mist,mist,130,170,190,220,230,5,5,4,4,4
St. Louis Cardinals,Chicago Cubs,2015-07-07T16:20:00Z,4,7,5.5,1690,2015,20,11,TRUE,FALSE,FALSE,Chicago,59,52,45,45,42,291.04,291.89,292.27,292.33,292.13,overcast clouds,overcast clouds,haze,haze,haze,10,10,30,30,10,8,8,9,9,9
Miami Marlins,Boston Red Sox,2015-07-07T22:10:00Z,3,4,9,1695,2015,10,7,FALSE,TRUE,FALSE,Boston,70,79,74,83,78,299.87,299.11,298.37,297.75,297.42,sky is clear,sky is clear,broken clouds,broken clouds,sky is clear,200,200,180,190,220,8,8,3,4,5
St. Louis Cardinals,Chicago Cubs,2015-07-07T23:05:00Z,3,5,7,1697,2015,5,8,TRUE,FALSE,FALSE,Chicago,52,52,55,55,59,290.81,289.83,288.74,287.84,287.15,few clouds,scattered clouds,scattered clouds,broken clouds,broken clouds,40,30,20,20,10,8,7,5,5,4
New York Yankees,Boston Red Sox,2015-07-12T16:35:00Z,8,6,9,1713,2015,35,14,TRUE,FALSE,FALSE,Boston,74,74,69,74,74,303.34,304.08,304.17,304.11,303.56,broken clouds,overcast clouds,broken clouds,scattered clouds,scattered clouds,30,30,40,50,30,6,6,4,5,5
Chicago White Sox,Chicago Cubs,2015-07-12T17:20:00Z,1,3,6,1716,2015,20,4,FALSE,TRUE,FALSE,Chicago,61,61,58,58,58,298.97,299.95,300.14,300.47,300.55,broken clouds,broken clouds,broken clouds,scattered clouds,broken clouds,80,70,70,90,100,4,3,4,3,5
Philadelphia Phillies,Chicago Cubs,2015-07-24T19:05:00Z,5,3,9,1759,2015,5,8,FALSE,TRUE,FALSE,Chicago,40,42,42,45,45,301.57,301.03,300.99,301.19,300.98,broken clouds,broken clouds,overcast clouds,broken clouds,broken clouds,240,210,180,200,210,5,7,7,6,6
Detroit Tigers,Boston Red Sox,2015-07-24T22:10:00Z,1,2,9,1762,2015,10,3,FALSE,TRUE,FALSE,Boston,57,57,64,72,64,295.08,294.15,292.97,292.17,291.15,light rain,proximity thunderstorm,heavy intensity rain,proximity thunderstorm,light rain,60,30,40,294,50,4,3,2,0,2
Detroit Tigers,Boston Red Sox,2015-07-25T19:05:00Z,5,1,9.5,1770,2015,5,6,FALSE,TRUE,FALSE,Boston,48,51,54,54,54,294.09,294.2,293.97,293.25,292.27,sky is clear,sky is clear,sky is clear,sky is clear,sky is clear,60,50,90,80,90,4,3,3,3,2
Philadelphia Phillies,Chicago Cubs,2015-07-25T19:05:00Z,5,0,6,1772,2015,5,5,FALSE,TRUE,FALSE,Chicago,52,58,62,62,66,304.23,304.31,303.29,302.46,301.1,broken clouds,broken clouds,few clouds,few clouds,scattered clouds,340,40,50,80,50,4,7,5,7,5
Philadelphia Phillies,Chicago Cubs,2015-07-26T17:20:00Z,11,5,7,1785,2015,20,16,TRUE,FALSE,FALSE,Chicago,61,65,61,61,61,298.87,298.93,299.38,299.35,299.4,light rain,light rain,overcast clouds,overcast clouds,light rain,90,70,100,60,80,4,3,2,3,4
Detroit Tigers,Boston Red Sox,2015-07-26T23:05:00Z,1,11,9.5,1789,2015,5,12,TRUE,FALSE,FALSE,Boston,69,74,73,78,73,297.42,296.38,295.64,294.92,294.45,broken clouds,scattered clouds,sky is clear,broken clouds,scattered clouds,140,160,200,150,150,3,1,3,2,2
Tampa Bay Rays,Boston Red Sox,2015-07-31T22:10:00Z,5,7,9,1793,2015,10,12,TRUE,FALSE,FALSE,Boston,51,54,65,69,78,301.44,300.1,298.05,295.79,295.1,sky is clear,sky is clear,sky is clear,sky is clear,sky is clear,40,90,60,266,266,3,2,1,3,3
Tampa Bay Rays,Boston Red Sox,2015-08-02T16:35:00Z,4,3,9.5,1802,2015,35,7,FALSE,TRUE,FALSE,Boston,52,58,62,62,74,301.89,302.15,302.58,302.33,302.04,scattered clouds,scattered clouds,sky is clear,overcast clouds,scattered clouds,120,200,190,180,200,3,3,6,5,6
San Francisco Giants,Chicago Cubs,2015-08-06T23:05:00Z,4,5,7,1820,2015,5,9,TRUE,FALSE,FALSE,Chicago,44,47,53,60,68,298.73,297.54,295.66,295.22,294.01,scattered clouds,few clouds,few clouds,scattered clouds,overcast clouds,70,70,70,60,90,5,4,4,4,3
San Francisco Giants,Chicago Cubs,2015-08-07T19:05:00Z,3,7,8,1821,2015,5,10,TRUE,FALSE,FALSE,Chicago,39,37,37,39,39,300.34,300.44,300.47,300.39,299.92,broken clouds,broken clouds,broken clouds,broken clouds,broken clouds,220,200,200,180,180,4,5,4,5,5
San Francisco Giants,Chicago Cubs,2015-08-09T17:20:00Z,0,2,7.5,1836,2015,20,2,FALSE,TRUE,FALSE,Chicago,73,69,61,73,57,296.55,298.21,299.53,298.66,298.11,haze,broken clouds,broken clouds,haze,haze,130,120,0,40,200,3,2,2,2,4
Milwaukee Brewers,Chicago Cubs,2015-08-11T23:05:00Z,3,6,7.5,1852,2015,5,9,TRUE,FALSE,FALSE,Chicago,41,44,47,53,52,297.21,296.03,294.49,292.18,291.02,few clouds,few clouds,few clouds,few clouds,few clouds,30,70,100,210,23,5,4,3,1,3
Seattle Mariners,Boston Red Sox,2015-08-14T22:10:00Z,1,15,9.5,1864,2015,10,16,TRUE,FALSE,FALSE,Boston,61,65,73,64,64,300.56,298.91,296.85,296.02,295.14,sky is clear,sky is clear,sky is clear,sky is clear,sky is clear,70,70,70,90,90,5,5,3,2,2
Seattle Mariners,Boston Red Sox,2015-08-16T16:35:00Z,10,8,9,1874,2015,35,18,TRUE,FALSE,FALSE,Boston,61,57,57,57,54,302.35,303.01,303.35,302.74,302.35,sky is clear,sky is clear,sky is clear,sky is clear,sky is clear,80,60,70,90,90,2,2,4,4,4
Detroit Tigers,Chicago Cubs,2015-08-19T23:05:00Z,15,8,9,1900,2015,5,23,TRUE,FALSE,FALSE,Chicago,49,60,56,63,63,294.23,293.07,291.97,291.34,290.79,overcast clouds,overcast clouds,broken clouds,broken clouds,light rain,240,240,250,240,250,9,6,6,5,6
Kansas City Royals,Boston Red Sox,2015-08-20T22:10:00Z,1,4,9,1907,2015,10,5,FALSE,TRUE,FALSE,Boston,79,83,88,88,88,298.55,297.44,296.24,295.61,295.48,scattered clouds,broken clouds,sky is clear,scattered clouds,scattered clouds,170,180,190,190,180,4,4,5,4,3
Atlanta Braves,Chicago Cubs,2015-08-20T23:05:00Z,1,7,8,1909,2015,5,8,FALSE,FALSE,TRUE,Chicago,36,38,43,67,59,295.83,294.61,292.13,290.87,288.84,scattered clouds,few clouds,few clouds,sky is clear,sky is clear,270,270,270,250,250,7,6,4,2,2
Atlanta Braves,Chicago Cubs,2015-08-21T19:05:00Z,3,5,9,1912,2015,5,8,FALSE,TRUE,FALSE,Chicago,39,42,42,42,44,300.59,300.69,300.09,299.89,299.4,few clouds,scattered clouds,broken clouds,broken clouds,scattered clouds,200,180,200,200,200,5,5,6,5,5
New York Yankees,Boston Red Sox,2015-08-31T22:10:00Z,3,4,9.5,1941,2015,10,7,FALSE,TRUE,FALSE,Boston,45,94,88,88,94,301.83,300.4,298.78,297.7,297.25,few clouds,overcast clouds,scattered clouds,sky is clear,scattered clouds,280,140,150,160,170,4,2,1,1,2
Cincinnati Reds,Chicago Cubs,2015-08-31T23:05:00Z,13,6,9,1943,2015,5,19,TRUE,FALSE,FALSE,Chicago,51,61,69,69,78,301.28,299.39,296.74,296.35,294.97,few clouds,few clouds,haze,haze,mist,220,100,70,183,130,3,2,1,2,2
Cincinnati Reds,Chicago Cubs,2015-09-01T23:05:00Z,4,5,9.5,1952,2015,5,9,FALSE,TRUE,FALSE,Chicago,64,66,71,74,74,301.465814811,301.303328392,299.387333333,298.860666667,298.6765,sky is clear,sky is clear,sky is clear,sky is clear,sky is clear,210,202,204,198,212,3,4,3,4,3
Cincinnati Reds,Chicago Cubs,2015-09-02T17:20:00Z,7,4,9.5,1957,2015,20,11,TRUE,FALSE,FALSE,Chicago,55,52,49,46,46,303.73,304.57,304.67,304.79,304.8,few clouds,few clouds,broken clouds,broken clouds,broken clouds,260,250,240,250,250,4,5,5,5,4
Arizona Diamondbacks,Chicago Cubs,2015-09-04T17:20:00Z,5,14,7.5,1971,2015,20,19,TRUE,FALSE,FALSE,Chicago,58,58,58,61,65,300,301.18,301.41,301.23,301.38,scattered clouds,scattered clouds,scattered clouds,scattered clouds,scattered clouds,71,70,70,90,50,1,5,3,5,4
Philadelphia Phillies,Boston Red Sox,2015-09-04T22:10:00Z,5,7,9,1975,2015,10,12,TRUE,FALSE,FALSE,Boston,78,77,68,82,87,294.13,291.84,290.3,289.89,288.08,light rain,broken clouds,sky is clear,sky is clear,sky is clear,60,60,70,50,61,6,2,2,3,2
Arizona Diamondbacks,Chicago Cubs,2015-09-05T17:20:00Z,0,2,8,1985,2015,20,2,FALSE,TRUE,FALSE,Chicago,74,65,58,51,58,298.53,300.39,301.69,302.08,301.32,mist,proximity thunderstorm,proximity thunderstorm,broken clouds,broken clouds,200,160,170,160,180,5,5,4,3,4
Philadelphia Phillies,Boston Red Sox,2015-09-05T19:05:00Z,2,9,9,1986,2015,5,11,TRUE,FALSE,FALSE,Boston,78,34,74,78,83,298.79,298.33,297.35,296.03,295.02,overcast clouds,few clouds,sky is clear,scattered clouds,broken clouds,60,150,60,60,60,8,3,7,7,7
Philadelphia Phillies,Boston Red Sox,2015-09-06T16:35:00Z,2,6,9,1998,2015,35,8,FALSE,TRUE,FALSE,Boston,78,74,70,78,78,301.73,302.3,302.74,302.67,301.56,sky is clear,sky is clear,sky is clear,sky is clear,sky is clear,100,120,110,100,110,5,6,4,4,3
Arizona Diamondbacks,Chicago Cubs,2015-09-06T17:20:00Z,4,6,9.5,2001,2015,20,10,TRUE,FALSE,FALSE,Chicago,46,43,38,38,38,304.22,305.29,306.03,306.06,306.25,haze,haze,haze,scattered clouds,scattered clouds,250,230,210,180,210,5,6,4,5,5
St. Louis Cardinals,Chicago Cubs,2015-09-18T17:20:00Z,3,8,8.5,2046,2015,20,11,TRUE,FALSE,FALSE,Chicago,83,78,74,74,88,297.03,297.34,298.18,297.69,296.98,moderate rain,mist,haze,light rain,heavy intensity rain,220,180,250,330,350,4,3,2,2,2
St. Louis Cardinals,Chicago Cubs,2015-09-20T17:20:00Z,4,3,7,2074,2015,20,7,FALSE,FALSE,TRUE,Chicago,46,40,43,40,40,293.47,294.2,294.42,294.7,294.23,scattered clouds,broken clouds,scattered clouds,scattered clouds,scattered clouds,90,0,110,90,120,4,2,3,4,2
Pittsburgh Pirates,Chicago Cubs,2015-09-26T16:05:00Z,4,0,7.5,2077,2015,5,4,FALSE,TRUE,FALSE,Chicago,84,83,70,71,57,293.479333333,293.807666667,295.189221861,295.2411426,296.87,few clouds,few clouds,scattered clouds,few clouds,scattered clouds,118,109,95,88,70,3,3,3,3,4
Pittsburgh Pirates,Chicago Cubs,2015-09-27T23:05:00Z,0,4,7,2095,2015,5,4,FALSE,TRUE,FALSE,Chicago,69,73,73,77,88,295.31,294.23,293.29,293.29,292.32,scattered clouds,scattered clouds,broken clouds,scattered clouds,few clouds,110,110,90,120,150,4,2,2,2,3
Baltimore Orioles,Boston Red Sox,2016-04-12T22:10:00Z,9,5,9,2160,2016,10,14,TRUE,FALSE,FALSE,Boston,100,100,100,93,100,283.499505502,282.79,282.78010986,279.89907387,280.02,overcast clouds,light rain,overcast clouds,moderate rain,light rain,210,273,272,152,30,2,2,2,4,7
Baltimore Orioles,Boston Red Sox,2016-04-13T22:10:00Z,2,4,8.5,2172,2016,10,6,FALSE,TRUE,FALSE,Boston,61,70,70,75,75,283.52,281.12,281.116494645,278.32,278.311254144,sky is clear,sky is clear,sky is clear,sky is clear,sky is clear,30,40,39,30,30,9,6,6,5,5
Cincinnati Reds,Chicago Cubs,2016-04-13T23:05:00Z,2,9,7.5,2173,2016,5,11,TRUE,FALSE,FALSE,Chicago,71,70,52,52,76,283.11,283.100634214,280.52,280.503831683,279.56,scattered clouds,scattered clouds,sky is clear,sky is clear,sky is clear,60,60,80,79,110,4,4,4,4,2
Cincinnati Reds,Chicago Cubs,2016-04-14T23:05:00Z,1,8,7,2188,2016,5,9,TRUE,FALSE,FALSE,Chicago,29,33,40,73,73,288.582991701,285.46,283.48,281.85,281.63,sky is clear,sky is clear,scattered clouds,sky is clear,few clouds,109,80,90,90,70,4,4,4,4,3
Colorado Rockies,Chicago Cubs,2016-04-15T17:20:00Z,6,1,7.5,2191,2016,20,7,FALSE,TRUE,FALSE,Chicago,38,37,26,21,32,289.95,289.989260332,290.9,292.14,291.98,sky is clear,sky is clear,sky is clear,sky is clear,sky is clear,20,25,150,120,60,3,3,3,3,5
Toronto Blue Jays,Boston Red Sox,2016-04-15T22:10:00Z,3,5,9,2196,2016,10,8,FALSE,TRUE,FALSE,Boston,81,80,76,81,81,285.74,285.660625821,282.43,281.03,279.9,sky is clear,sky is clear,sky is clear,sky is clear,sky is clear,40,39,40,40,40,8,8,8,7,5
Colorado Rockies,Chicago Cubs,2016-04-17T17:20:00Z,2,0,7.25,2207,2016,20,2,FALSE,TRUE,FALSE,Chicago,31,25,27,32,24,296.180229707,298.94,298.28,295.485259119,298.42,sky is clear,sky is clear,few clouds,few clouds,sky is clear,179,50,70,72,130,2,3,5,4,2
Tampa Bay Rays,Boston Red Sox,2016-04-21T16:35:00Z,12,8,8.5,2219,2016,35,20,TRUE,FALSE,FALSE,Boston,28,27,18,17,19,296.05,296.75,298.3,298.57,298.34,sky is clear,sky is clear,sky is clear,sky is clear,sky is clear,158,158,0,180,248,1,0,1,0,0
Milwaukee Brewers,Chicago Cubs,2016-04-26T23:05:00Z,3,4,7.5,2263,2016,5,7,FALSE,TRUE,FALSE,Chicago,80,93,90,87,82,280.860373871,279.44,279.680650814,280.01,280.19676,moderate rain,mist,overcast clouds,overcast clouds,overcast clouds,14,30,38,50,50,5,6,6,6,7
Atlanta Braves,Chicago Cubs,2016-04-29T17:20:00Z,1,6,7,2266,2016,20,7,FALSE,FALSE,TRUE,Chicago,66,66,61,61,66,281.41,281.79,282.03,282.27,282.47,mist,overcast clouds,overcast clouds,overcast clouds,haze,360,40,30,20,40,5,4,4,4,5
New York Yankees,Boston Red Sox,2016-04-30T22:10:00Z,0,8,8,2282,2016,10,8,FALSE,FALSE,TRUE,Boston,33,37,82,46,61,286.36,284.68,283.09,282.15,281.43,scattered clouds,scattered clouds,thunderstorm with rain,sky is clear,sky is clear,120,100,100,180,170,4,3,3,5,3
Atlanta Braves,Chicago Cubs,2016-05-01T17:20:00Z,4,3,7,2288,2016,20,7,FALSE,FALSE,TRUE,Chicago,93,87,87,76,81,281.51,282.01,282.55,283.09,282.93,mist,mist,mist,haze,mist,20,50,50,20,30,5,4,4,4,4
New York Yankees,Boston Red Sox,2016-05-01T23:05:00Z,7,8,7,2294,2016,5,15,TRUE,FALSE,FALSE,Boston,52,70,81,81,87,280.14,279.63,279.11,278.94,278.96,light rain,light rain,mist,light rain,mist,170,180,114,114,114,3,3,4,4,4
Washington Nationals,Chicago Cubs,2016-05-05T23:05:00Z,2,5,7.5,2301,2016,5,7,FALSE,TRUE,FALSE,Chicago,47,50,50,57,57,287.36,286.48,284.54,283.23,281.95,few clouds,scattered clouds,broken clouds,scattered clouds,sky is clear,90,80,80,135,120,2,3,3,0,2
Cleveland Indians,Boston Red Sox,2016-05-22T16:35:00Z,2,5,8.5,2308,2016,35,7,FALSE,TRUE,FALSE,Boston,72,59,88,55,55,290.82,290.92,290.84,290.97,290.6,overcast clouds,broken clouds,overcast clouds,scattered clouds,broken clouds,300,70,20,100,100,3,2,4,3,4
Los Angeles Dodgers,Chicago Cubs,2016-06-01T23:05:00Z,1,2,8.5,2318,2016,5,3,FALSE,TRUE,FALSE,Chicago,54,54,54,53,68,299.18,298.57,296.82,294.4,293.36,broken clouds,broken clouds,broken clouds,scattered clouds,scattered clouds,270,250,260,260,250,5,4,3,1,2
Tampa Bay Rays,Boston Red Sox,2017-04-17T15:05:00Z,3,4,10,2330,2017,5,7,FALSE,TRUE,FALSE,Boston,56,53,23,26,50,295.22,295.36,295.9,296.07,295.31,scattered clouds,sky is clear,broken clouds,broken clouds,overcast clouds,260,270,270,280,250,6,5,6,7,5
Milwaukee Brewers,Chicago Cubs,2017-04-18T00:05:00Z,6,3,6.5,2334,2017,5,9,TRUE,FALSE,FALSE,Chicago,66,70,75,75,87,286.57,283.67,281.96,280.71,280.95,scattered clouds,few clouds,few clouds,few clouds,light snow,20,10,20,20,360,4,4,3,3,2
Milwaukee Brewers,Chicago Cubs,2017-04-19T19:15:00Z,4,7,6.5,2340,2017,15,11,TRUE,FALSE,FALSE,Chicago,87,81,76,87,87,287.46,286.04,285.13,284.96,284.42,mist,mist,mist,mist,mist,60,50,70,20,60,6,6,6,4,7
New York Yankees,Boston Red Sox,2017-04-27T23:10:00Z,3,0,7,2366,2017,10,3,FALSE,TRUE,FALSE,Boston,64,93,100,93,78,290.38,288.25,288.01,287.93,287.83,sky is clear,mist,overcast clouds,overcast clouds,sky is clear,220,80,80,135,230,8,4,2,2,5
Chicago Cubs,Boston Red Sox,2017-04-28T23:10:00Z,4,5,8.5,2373,2017,10,9,TRUE,FALSE,FALSE,Boston,83,83,88,94,94,299.77,298.54,296.37,294.21,292.98,sky is clear,sky is clear,sky is clear,sky is clear,broken clouds,210,220,210,200,220,6,6,6,6,6
Cincinnati Reds,Chicago Cubs,2017-05-17T00:05:00Z,5,9,11,2408,2017,5,14,TRUE,FALSE,FALSE,Chicago,27,51,54,39,41,302.7,301.66,300.56,299.55,299.15,few clouds,sky is clear,sky is clear,sky is clear,sky is clear,190,200,200,190,190,7,9,11,6,4
Cincinnati Reds,Chicago Cubs,2017-05-18T18:20:00Z,5,9,10.5,2416,2017,20,14,TRUE,FALSE,FALSE,Chicago,69,61,57,37,57,297.74,298.34,298.69,298.78,298.91,sky is clear,scattered clouds,sky is clear,few clouds,sky is clear,270,270,280,260,300,9,8,7,7,5
Milwaukee Brewers,Chicago Cubs,2017-05-21T18:20:00Z,6,13,10.5,2437,2017,20,19,TRUE,FALSE,FALSE,Chicago,48,77,72,48,45,290.26,289.82,289.49,288.47,288.03,broken clouds,overcast clouds,overcast clouds,overcast clouds,overcast clouds,210,250,260,240,250,8,8,6,8,10
Seattle Mariners,Boston Red Sox,2017-05-26T23:10:00Z,0,3,9.5,2447,2017,10,3,FALSE,TRUE,FALSE,Boston,50,57,64,64,73,288.43,287.82,287.21,286.59,286.28,mist,mist,mist,drizzle,drizzle,300,320,290,270,270,3,1,1,2,2
St. Louis Cardinals,Chicago Cubs,2017-06-04T23:35:00Z,6,7,8.5,2482,2017,35,13,TRUE,FALSE,FALSE,Chicago,25,39,26,53,82,304.94,302.7,300.37,298.14,295.06,sky is clear,broken clouds,sky is clear,sky is clear,sky is clear,330,30,310,70,80,3,5,2,2,1
Miami Marlins,Chicago Cubs,2017-06-07T00:05:00Z,2,10,7.5,2488,2017,5,12,TRUE,FALSE,FALSE,Chicago,28,32,36,47,67,294.24,293.25,292.06,290.45,289.45,sky is clear,sky is clear,sky is clear,sky is clear,sky is clear,40,40,40,30,10,6,5,4,3,2
Colorado Rockies,Chicago Cubs,2017-06-09T00:05:00Z,4,1,9,2499,2017,5,5,FALSE,TRUE,FALSE,Chicago,22,25,30,30,77,299.15,298.25,296.07,294.24,293.08,light rain,sky is clear,sky is clear,sky is clear,light rain,280,200,190,270,231,3,1,2,2,4
San Diego Padres,Chicago Cubs,2017-06-21T00:05:00Z,0,4,9,2519,2017,5,4,FALSE,TRUE,FALSE,Chicago,72,77,88,82,100,291.92,292.15,291.82,290.61,289.16,light rain,sky is clear,sky is clear,sky is clear,mist,123,50,20,113,113,3,2,3,3,3
San Diego Padres,Chicago Cubs,2017-06-21T18:20:00Z,3,2,9.5,2526,2017,20,5,FALSE,TRUE,FALSE,Chicago,53,79,34,39,36,296.92,292.444,298.43,298.92,298.14,broken clouds,sky is clear,sky is clear,sky is clear,sky is clear,30,91,240,200,160,3,2,2,3,3
Los Angeles Angels,Boston Red Sox,2017-06-23T23:15:00Z,4,9,9.5,2537,2017,15,13,TRUE,FALSE,FALSE,Boston,74,79,69,78,83,300.75,299.06,297.98,297.48,297.06,overcast clouds,light rain,scattered clouds,sky is clear,scattered clouds,180,220,210,230,210,4,8,6,9,4
Los Angeles Angels,Boston Red Sox,2017-06-24T23:15:00Z,6,3,9.5,2549,2017,15,9,FALSE,TRUE,FALSE,Boston,66,83,83,94,94,301.48,300.73,299.31,297.22,296.05,broken clouds,overcast clouds,moderate rain,light rain,moderate rain,252,260,240,240,260,2,3,3,6,2
Los Angeles Angels,Boston Red Sox,2017-06-25T17:35:00Z,4,2,11,2558,2017,35,6,FALSE,TRUE,FALSE,Boston,78,74,66,70,74,300.15,300.4,300.39,299.29,298.22,sky is clear,sky is clear,light rain,light rain,broken clouds,350,350,230,120,150,2,2,2,1,2
Minnesota Twins,Boston Red Sox,2017-06-26T23:10:00Z,1,4,8,2569,2017,10,5,FALSE,TRUE,FALSE,Boston,47,57,60,68,73,297.05,295.89,294.47,292.71,291.88,sky is clear,moderate rain,light rain,sky is clear,light rain,90,110,110,256,256,3,3,2,1,1
Minnesota Twins,Boston Red Sox,2017-06-28T00:00:00Z,2,9,10,2580,2017,0,11,TRUE,FALSE,FALSE,Boston,72,68,93,83,88,292.24,290.65,289.63,288.85,287.94,light rain,light rain,mist,mist,sky is clear,301,230,220,50,50,3,3,2,3,2
Minnesota Twins,Boston Red Sox,2017-06-28T23:10:00Z,4,1,10,2590,2017,10,5,FALSE,TRUE,FALSE,Boston,60,64,73,73,77,297.06,296.23,294.82,292.06,291.05,sky is clear,sky is clear,sky is clear,sky is clear,sky is clear,100,100,120,130,150,4,5,3,3,2
Minnesota Twins,Boston Red Sox,2017-06-29T23:10:00Z,3,6,10,2603,2017,10,9,FALSE,TRUE,FALSE,Boston,57,57,65,69,69,296.47,296.13,295.55,294.71,294.54,scattered clouds,scattered clouds,broken clouds,sky is clear,overcast clouds,190,200,200,210,210,5,6,6,8,7
Tampa Bay Rays,Chicago Cubs,2017-07-04T18:20:00Z,6,5,7.5,2625,2017,20,11,TRUE,FALSE,FALSE,Chicago,54,54,58,54,54,300.69,301.25,301.03,300.64,300.23,broken clouds,broken clouds,proximity thunderstorm,scattered clouds,scattered clouds,120,87,100,80,70,2,4,2,4,4
Pittsburgh Pirates,Chicago Cubs,2017-07-07T18:20:00Z,1,6,9,2633,2017,20,7,FALSE,TRUE,FALSE,Chicago,62,51,43,35,33,301.24,301.56,300.83,300.61,300.02,proximity thunderstorm,proximity thunderstorm,scattered clouds,scattered clouds,broken clouds,350,20,350,350,20,3,6,6,6,4
Pittsburgh Pirates,Chicago Cubs,2017-07-08T23:15:00Z,4,2,8,2653,2017,15,6,FALSE,TRUE,FALSE,Chicago,30,38,49,49,52,297.53,297.25,296.36,295.04,292.8,scattered clouds,sky is clear,sky is clear,sky is clear,sky is clear,330,30,117,110,106,2,2,2,1,3
Toronto Blue Jays,Boston Red Sox,2017-07-17T23:10:00Z,4,3,9,2663,2017,10,7,FALSE,TRUE,FALSE,Boston,65,73,83,88,88,299.99,298.49,296.79,295.69,295.52,sky is clear,sky is clear,sky is clear,few clouds,sky is clear,190,160,150,171,170,5,2,2,4,2
Chicago White Sox,Chicago Cubs,2017-07-25T18:20:00Z,2,7,9,2675,2017,20,9,FALSE,FALSE,TRUE,Chicago,50,47,36,34,36,298.15,298.69,299.55,299.65,299.76,sky is clear,sky is clear,scattered clouds,scattered clouds,broken clouds,170,190,150,140,140,4,3,3,4,2
Arizona Diamondbacks,Chicago Cubs,2017-08-03T00:05:00Z,3,0,8,2716,2017,5,3,FALSE,TRUE,FALSE,Chicago,57,65,83,88,88,299.55,299.17,296.51,296.24,295.51,broken clouds,thunderstorm,light rain,broken clouds,scattered clouds,40,30,60,20,60,5,5,4,4,2
Chicago White Sox,Boston Red Sox,2017-08-06T17:35:00Z,3,6,10.5,2726,2017,35,9,FALSE,TRUE,FALSE,Boston,38,38,36,38,41,296.95,297.55,298.45,298.15,297.35,scattered clouds,sky is clear,sky is clear,few clouds,sky is clear,300,290,0,0,0,7,4,3,2,3
Washington Nationals,Chicago Cubs,2017-08-06T18:20:00Z,9,4,9,2733,2017,20,13,TRUE,FALSE,FALSE,Chicago,53,53,60,53,47,296.06,296.25,295.85,296.65,296.69,broken clouds,scattered clouds,light rain,sky is clear,scattered clouds,180,200,160,280,160,3,4,4,3,2
St. Louis Cardinals,Boston Red Sox,2017-08-15T23:10:00Z,4,10,10,2773,2017,10,14,TRUE,FALSE,FALSE,Boston,73,83,83,88,94,296.56,295.73,295.06,294.16,293.41,scattered clouds,sky is clear,sky is clear,sky is clear,mist,210,220,0,230,230,3,3,2,2,2
Cincinnati Reds,Chicago Cubs,2017-08-16T00:05:00Z,2,1,7.5,2775,2017,5,3,FALSE,TRUE,FALSE,Chicago,73,78,77,83,83,297.15,296.26,294.95,294.25,293.63,sky is clear,sky is clear,light rain,sky is clear,sky is clear,50,40,50,40,50,5,4,3,3,3
St. Louis Cardinals,Boston Red Sox,2017-08-16T23:10:00Z,4,5,9.5,2787,2017,10,9,FALSE,TRUE,FALSE,Boston,50,73,77,88,88,299.9,298.24,295.6,293.81,291.97,sky is clear,sky is clear,sky is clear,sky is clear,sky is clear,331,331,331,348,348,2,2,2,4,4
Cincinnati Reds,Chicago Cubs,2017-08-17T00:05:00Z,6,7,10,2788,2017,5,13,TRUE,FALSE,FALSE,Chicago,69,74,74,78,74,298.33,298.6,298.4,298.6,298.5,mist,light rain,mist,mist,mist,170,180,150,160,140,3,3,2,3,3
Baltimore Orioles,Boston Red Sox,2017-08-25T23:10:00Z,16,3,9.5,2808,2017,10,19,TRUE,FALSE,FALSE,Boston,56,77,72,82,87,295.08,293.79,290.9,288.98,287.34,sky is clear,broken clouds,sky is clear,sky is clear,sky is clear,260,306,310,300,300,1,3,2,2,2
Baltimore Orioles,Boston Red Sox,2017-08-27T17:35:00Z,2,1,10.5,2822,2017,35,3,FALSE,TRUE,FALSE,Boston,37,33,33,36,40,295.88,296.07,295.99,295.82,295.61,scattered clouds,scattered clouds,scattered clouds,scattered clouds,scattered clouds,0,60,280,350,60,1,2,2,1,1
Toronto Blue Jays,Boston Red Sox,2017-09-25T23:10:00Z,6,4,9,2842,2017,10,10,TRUE,FALSE,FALSE,Boston,61,93,78,83,100,298.18,295.59,294.25,293.7,292.93,sky is clear,scattered clouds,mist,mist,fog,140,120,146,162,130,3,2,3,2,2
Toronto Blue Jays,Boston Red Sox,2017-09-26T23:10:00Z,9,4,7.5,2851,2017,10,13,TRUE,FALSE,FALSE,Boston,88,94,88,94,100,298.8,296.17,295.16,294.54,293.7,mist,sky is clear,sky is clear,sky is clear,sky is clear,153,153,310,178,178,3,3,1,3,3
Toronto Blue Jays,Boston Red Sox,2017-09-27T23:10:00Z,7,10,9.5,2863,2017,10,17,TRUE,FALSE,FALSE,Boston,74,100,94,94,88,300.01,298.83,298,297.7,297.07,sky is clear,few clouds,mist,mist,mist,169,169,169,190,0,4,4,4,2,2
Cincinnati Reds,Chicago Cubs,2017-09-29T18:20:00Z,4,5,7,2868,2017,20,9,TRUE,FALSE,FALSE,Chicago,49,45,45,52,55,293.33,293.23,293.32,292.65,292.24,scattered clouds,scattered clouds,sky is clear,sky is clear,sky is clear,340,360,30,40,10,6,6,6,7,5
Cincinnati Reds,Chicago Cubs,2017-09-30T20:05:00Z,0,9,8,2879,2017,5,9,TRUE,FALSE,FALSE,Chicago,52,45,55,52,55,292.6,292.61,292.42,291.52,289.79,sky is clear,few clouds,sky is clear,few clouds,few clouds,20,90,50,60,70,3,4,4,3,6
